id,model,MAE,RMSE,runtime
exp_1774641629,ConvLSTM,0.8657838106155396,0.9167086482048035,0.0015048980712890625
