id,model,MAE,RMSE,runtime
exp_1774636686,ConvLSTM,0.6131387114524841,0.6840834021568298,0.0007300376892089844
